passengerTraffic,type,stationName,stationShortCode,stationUICCode,countryCode,longitude,latitude
false,STATION,Ahonpää,AHO,1343,FI,25.01206612315972,64.55181651445501
false,STATION,Ahvenus,AHV,1000,FI,22.4975917263655,61.29240704393101
true,STOPPING_POINT,Ainola,AIN,628,FI,25.10200142216575,60.45689688035013
false,STATION,Airaksela,ARL,869,FI,27.43111902505162,62.72543236346552
false,STATION,Aittaluoto,ATL,676,FI,21.86177787840547,61.49968665188184
false,STATION,Ajos,AJO,767,FI,24.52012978671163,65.66835550224855
false,STATION,Alapitkä,APT,415,FI,27.53707900999269,63.20204657238016
true,STATION,Alavus,ALV,284,FI,23.60032043483237,62.61879008105599
false,STATION,Alholma,ALH,308,FI,22.69467280247231,63.70825780092783
false,STATION,Arola,ARO,939,FI,29.02496694064145,64.45248547335946
false,STATION,Asola,ASO,1340,FI,25.03024327988378,60.31843064423007
true,STOPPING_POINT,Aviapolis,AVP,1331,FI,24.94216203376418,60.30811424172377
true,STATION,Dragsvik,DRA,167,FI,23.48848277293921,59.99018622330809
false,TURNOUT_IN_THE_OPEN_LINE,Dynamiittivaihde,DMV,581,FI,23.08359933969699,59.86627534803434
false,STATION,Elijärvi,ELI,828,FI,24.69962851020815,65.78020249778906
true,STOPPING_POINT,Eläinpuisto-Zoo,EPZ,623,FI,24.19052147136339,62.54196048239192
true,STATION,Eno,ENO,464,FI,30.1444692751829,62.80739115925199
false,STATION,Ervelä,ERV,1004,FI,23.23684008687978,60.19640857388419
false,STATION,Eskola,ELA,318,FI,24.1515390842658,63.91644158720784
true,STATION,Espoo,EPO,66,FI,24.65629604057808,60.20510797448899
true,STATION,Haapajärvi,HPJ,330,FI,25.33504397700235,63.75598605697383
false,STATION,Haapakoski,HPS,402,FI,27.17690809307523,62.45328761967659
false,TURNOUT_IN_THE_OPEN_LINE,Haapamäen kyllästämö,HMK,1008,FI,24.40703249702947,62.28168262440615
true,STATION,Haapamäki,HPK,200,FI,24.45538460636615,62.24727179744995
false,STATION,Haaparanta,HPA,1408,SE,24.13291337416334,65.82145435795326
true,STATION,Haarajoki,HAA,13,FI,25.13432076905867,60.49641177527236
false,STATION,Hakosilta,HLT,1014,FI,25.51402437661233,60.92535381590911
true,STOPPING_POINT,Haksi,HSI,1015,FI,25.55532971409968,60.40832210526497
false,STATION,Hamina,HMA,527,FI,27.16783650796182,60.5524714429646
false,STATION,Hammaslahti,HSL,451,FI,29.97102871880105,62.43107544376337
false,STATION,Hanala,HNA,1018,FI,25.07295966580457,60.33993859848969
false,STATION,Hangonsaari,HGS,1020,FI,21.34387714991838,60.79617392909515
false,TURNOUT_IN_THE_OPEN_LINE,Hanhikoski,HNH,812,FI,27.22160403632286,66.69845742784194
true,STATION,Hankasalmi,HKS,427,FI,26.47927657389044,62.30369081978604
true,STATION,Hanko asema,HNK,73,FI,22.96725680126441,59.83216483675099
false,STATION,Hanko tavara,HNKT,1317,FI,22.98042176080038,59.83436620251754
true,STATION,Hanko-Pohjoinen,HKP,879,FI,22.98727069275053,59.83637355322419
true,STATION,Harjavalta,HVA,218,FI,22.13252955814302,61.31018484037882
false,STATION,Harju,HJ,985,FI,26.67843998813478,60.94107693584756
false,STATION,Harviala,HRV,622,FI,24.57725468538159,60.95399712106228
false,STATION,Haukipudas,HD,342,FI,25.40787000208054,65.19769031969672
true,STATION,Haukivuori,HAU,549,FI,27.20404388201361,62.02640958971943
false,STATION,Hausjärvi tavara,HAS,340,FI,25.0154523975281,60.7856869243485
false,STATION,Haviseva,HVS,1021,FI,24.08747006125013,61.5512499409131
false,STATION,Havukoski,HVK,1334,FI,25.05597189296493,60.31512705563113
false,STATION,Heikkilä,HEK,1023,FI,24.48120960369043,60.12199835293905
false,STATION,Heinola,HA,113,FI,26.04786166338031,61.2035985449914
false,STATION,Heinoo,HNO,1025,FI,22.97075787288298,61.39478238920749
false,STATION,Heinävaara,HÄV,924,FI,30.19299001662903,62.55665670038172
true,STATION,Heinävesi,HNV,437,FI,28.64545928846077,62.38341563302244
true,STATION,Helsinki asema,HKI,1,FI,24.94166179681815,60.17212991202909
false,STATION,Helsinki Kivihaka,KHK,1028,FI,24.91756603557219,60.20987302261171
false,STATION,Henna,HNN,1164,FI,25.49503749984612,60.7994089178631
true,STOPPING_POINT,Herrala,HR,96,FI,25.47627236927306,60.89725649134288
true,STATION,Hiekkaharju,HKH,556,FI,25.0496809962936,60.30342182032933
false,STATION,Hiirola,HIR,997,FI,27.31729367942504,61.8087785724537
true,STOPPING_POINT,Hikiä,HK,91,FI,24.91962463566703,60.75284618730815
false,STATION,Hillosensalmi,HLS,988,FI,26.79038817594075,61.19346741093003
true,STOPPING_POINT,Hinthaara,HH,561,FI,25.47858083485383,60.39987907980552
false,STATION,Hirvineva,HVN,1041,FI,25.22817457766298,64.73585011691038
true,STATION,Humppila,HP,144,FI,23.36255340386297,60.91984006390076
true,STATION,Huopalahti,HPL,72,FI,24.89386194885081,60.21840883796605
false,STATION,Huutokoski,HKO,430,FI,27.69052323766066,62.21088693949381
false,STATION,Hyrynsalmi,HYS,392,FI,28.4649222502791,64.68555723252238
true,STATION,Hyvinkää,HY,30,FI,24.85784904156818,60.6316641862013
true,STATION,Hämeenlinna,HL,47,FI,24.47854305097218,61.00298160757058
false,STATION,Härmä,HM,300,FI,22.87621115930091,63.23558540430389
true,STOPPING_POINT,Höljäkkä,HÖL,938,FI,29.4466687514769,63.45616830469028
false,STATION,Ii,II,343,FI,25.4427011410057,65.32091811194132
false,TURNOUT_IN_THE_OPEN_LINE,Iisalmen teollisuusraiteet,ITR,1049,FI,27.2154633347971,63.54711893952674
true,STATION,Iisalmi,ILM,420,FI,27.20262818577507,63.56147907566565
true,STOPPING_POINT,Iittala,ITA,154,FI,24.14094199139784,61.0909785152791
true,STATION,Ilmala asema,ILA,9,FI,24.9209933411811,60.20819328050915
false,STATION,Ilmala ratapiha,ILR,1030,FI,24.930149523414,60.21182151416686
false,STATION,Ilomantsi,ILO,459,FI,30.94467768150604,62.66731831276622
true,STATION,Imatra asema,IMR,603,FI,28.77835360228254,61.19643095438538
false,STATION,Imatra tavara,IMT,502,FI,28.81409954121636,61.20836735174136
false,STATION,Imatrankoski,IMK,504,FI,28.79009343427306,61.1708090147564
false,STATION,Imatrankoski-raja,IMKR,503,FI,28.8338448106068,61.1253315551713
false,TURNOUT_IN_THE_OPEN_LINE,Inha,IN,264,FI,24.14619115619179,62.55169706341911
true,STATION,Inkeroinen,IKR,530,FI,26.84018370080148,60.69701604632928
true,STATION,Inkoo,IKO,62,FI,23.93583299884374,60.06150188518101
true,STATION,Isokyrö,IKY,295,FI,22.39416022094283,62.9522296726105
false,STATION,Jalasjärvi,JAL,276,FI,22.95387505019253,62.47355670432422
false,STATION,Jepua,JPA,303,FI,22.65474744774662,63.40972426846452
true,STATION,Joensuu asema,JNS,460,FI,29.77963440728452,62.60047281314301
false,STATION,Joensuu Peltola,PLT,1070,FI,29.77433048358171,62.59438956472729
false,STATION,Joensuu Sulkulahti,SUL,1071,FI,29.77797090639793,62.58663780661349
true,STATION,Jokela,JK,28,FI,24.97099545231932,60.55302681210605
false,TURNOUT_IN_THE_OPEN_LINE,Joroinen,JOR,431,FI,27.81039475605781,62.17558778915453
true,STOPPING_POINT,Jorvas,JRS,578,FI,24.51302674858426,60.13790771536286
true,STATION,Joutseno,JTS,499,FI,28.49016307128143,61.12065627497296
false,STATION,Juankoski,JKI,414,FI,28.32006489175433,63.06433084678584
false,STATION,Jutila,JUT,1085,FI,25.12415858857381,60.83742510797484
true,STOPPING_POINT,Juupajoki,JJ,627,FI,24.36525271438556,61.79747493174501
false,STATION,Juurikorpi,JRI,535,FI,26.9392773442279,60.60439580505677
true,STATION,Jyväskylä,JY,240,FI,25.75235847120801,62.24072261918303
true,STATION,Jämsä,JÄS,204,FI,25.17384101564176,61.86633502042542
false,STATION,Jämsänkoski,JSK,205,FI,25.17179394382047,61.89684634175717
true,STATION,Järvelä,JR,95,FI,25.27523233784601,60.86762887646247
true,STATION,Järvenpää asema,JP,25,FI,25.09133535334629,60.47379087798299
false,STATION,Kaipiainen,KPA,485,FI,27.11904888060521,60.90043236020716
false,STATION,Kaipola,KLA,656,FI,25.21528854605504,61.81736776276298
false,TURNOUT_IN_THE_OPEN_LINE,Kairokoski,KKO,230,FI,23.02155058186636,62.02791167266118
false,STATION,Kaitjärvi,KJR,944,FI,27.34773428210156,60.91106100661052
true,STATION,Kajaani,KAJ,387,FI,27.74037535201143,64.22134818565351
false,TURNOUT_IN_THE_OPEN_LINE,Kaleton,KTN,697,FI,24.79206054663305,62.24054602296814
false,STATION,Kalkku,KAU,639,FI,23.5721962697823,61.49711412022786
false,TURNOUT_IN_THE_OPEN_LINE,Kalliovarasto,KAO,1090,FI,27.91110471746451,64.28280035833569
false,STATION,Kalvitsa,KSA,548,FI,27.28660153609663,61.91129854301929
false,STATION,Kangas,KGS,1092,FI,24.71318082015248,64.1452475279236
true,STATION,Kannelmäki,KAN,658,FI,24.87739793585336,60.23961351888685
false,STATION,Kannonkoski,KSI,256,FI,25.2712592610195,62.98508561335496
true,STATION,Kannus,KNS,317,FI,23.9154166323965,63.89996199297379
false,STATION,Karhejärvi,KRR,1095,FI,23.39008203418306,61.75073773124134
false,STATION,Karhukangas,KHG,1097,FI,24.41955968385706,64.01721603616201
true,STATION,Karjaa,KR,60,FI,23.66134230649959,60.06879796731013
true,STATION,Karkku,KRU,178,FI,23.04877799267037,61.44386093879866
false,STATION,Karviainen,KAR,1100,FI,22.55835578821354,60.62359795420021
false,STATION,Kaskinen,KSK,267,FI,21.22882601423909,62.38197641588358
false,STATION,Kattilaharju,KTH,1319,FI,26.960968173061,60.88042236735897
false,STATION,Kauhajoki,KJI,272,FI,22.21089761272175,62.46088306172434
true,STATION,Kauhava,KHA,299,FI,23.03493667643516,63.1008552812896
true,STATION,Kauklahti asema,KLH,65,FI,24.60062224024251,60.18948776635573
false,STATION,Kaulinranta,KLR,790,FI,23.71263246959641,66.46942384609078
true,STATION,Kauniainen,KNI,67,FI,24.73120572048259,60.21198020687413
false,STATION,Kauppilanmäki,KPL,423,FI,27.22941672651078,63.71100812797515
true,STOPPING_POINT,Kausala,KA,477,FI,26.33057662511227,60.88562227428591
false,STATION,Keitelepohja,KTP,257,FI,25.54874296554351,63.19400137780445
false,STATION,Kekomäki,KEK,1101,FI,24.91241733896265,60.75078525262875
true,STATION,Kemi,KEM,347,FI,24.57476523121654,65.73897044660536
true,STATION,Kemijärvi,KJÄ,367,FI,27.4037147948074,66.72427316439904
false,STATION,Kempele,KML,769,FI,25.51536969941943,64.91483255737397
true,STOPPING_POINT,Kera,KEA,621,FI,24.75597983344263,60.21661454706508
true,STATION,Kerava asema,KE,20,FI,25.10650923336211,60.40445695324774
true,STATION,Kerimäki,KIÄ,522,FI,29.11630332487318,61.86205939170382
true,STATION,Kesälahti,KTI,966,FI,29.80539917459317,61.88811556310208
true,STATION,Keuruu,KEU,235,FI,24.70768314163287,62.25617730257416
true,STOPPING_POINT,Kiiala,KIA,1113,FI,25.61388941766215,60.40683412066142
true,STOPPING_POINT,Kilo,KIL,580,FI,24.78275092806289,60.2179810462962
false,STATION,Kilpua,KUA,1115,FI,24.96207077708021,64.34827990034559
false,TURNOUT_IN_THE_OPEN_LINE,Kinahmi,KNH,873,FI,27.95324277486605,63.14392810143679
false,STATION,Kinni,KII,1120,FI,26.84795585686993,61.30678755283122
false,TURNOUT_IN_THE_OPEN_LINE,Kirjola,KIJ,1123,FI,29.44384142790833,61.52945920699682
true,STATION,Kirkkonummi,KKN,63,FI,24.43921008018712,60.11964712190518
false,STATION,Kirkniemi,KRN,79,FI,23.96357557842675,60.17589817699424
true,STATION,Kitee,KIT,453,FI,30.05176705131929,62.14361201480745
false,STATION,Kiukainen,KN,169,FI,22.08847560827543,61.21011403109094
true,STATION,Kiuruvesi,KRV,417,FI,26.61260659303929,63.64231983081709
false,STATION,Kivesjärvi,KVJ,378,FI,27.4731786199946,64.47059186627925
true,STOPPING_POINT,Kivistö,KTÖ,1330,FI,24.86410617265545,60.31137344814794
true,STOPPING_POINT,Kohtavaara,KOH,848,FI,29.28673891969713,63.5164502661065
false,STATION,Koivu,KVU,362,FI,25.20753268822224,66.1722413406524
true,STOPPING_POINT,Koivuhovi,KVH,675,FI,24.70159450182923,60.20718552839824
true,STOPPING_POINT,Koivukylä,KVY,559,FI,25.06048421779855,60.32360859981147
true,STATION,Kokemäki,KKI,170,FI,22.3026816020037,61.25467096622639
true,STATION,Kokkola,KOK,312,FI,23.13109615185144,63.83442907250924
true,STATION,Kolari,KLI,358,FI,23.83628817269093,67.35161591212001
true,STOPPING_POINT,Kolho,KLO,199,FI,24.50772211471851,62.1288625605166
false,STATION,Kolppi,KPI,309,FI,22.89789040539286,63.62898658540891
false,STATION,Kommila,KMM,500,FI,27.89274114066142,62.32463645652498
false,TURNOUT_IN_THE_OPEN_LINE,Komu,KOM,758,FI,26.15500057368049,63.66495988082917
false,STATION,Kontiolahti,KHI,463,FI,29.85967950521166,62.73324223115635
true,STATION,Kontiomäki,KON,390,FI,28.11670754773506,64.33989101874006
true,STOPPING_POINT,Koria,KRA,478,FI,26.60336240008018,60.84772840643717
false,STATION,Korkeakoski,KAS,193,FI,24.37567120382678,61.80837213959116
true,STOPPING_POINT,Korso,KRS,19,FI,25.0787034259417,60.35103286991372
false,STATION,Korvensuo,KSU,1128,FI,25.21873145046394,60.58287377482461
false,STATION,Koskenkorva,KOS,274,FI,22.46178150868754,62.68907851431408
true,STATION,Kotka asema,KTA,532,FI,26.92984678109293,60.46450557258147
false,STATION,Kotka Hovinsaari,HOS,980,FI,26.92049106601594,60.48314891890547
false,STATION,Kotka Mussalo,MSS,557,FI,26.89872662982691,60.43191099938291
false,STATION,Kotka tavara,KTT,1130,FI,26.92359398972364,60.47893976347156
true,STATION,Kotkan satama,KTS,644,FI,26.94149491892379,60.46878501818759
false,STATION,Kotolahti,KOO,1329,FI,26.90189259567891,60.43623211122635
true,STATION,Kouvola asema,KV,480,FI,26.7057272764246,60.86590282989928
false,STATION,Kouvola lajittelu,KVLA,1132,FI,26.72479597626764,60.86871743906324
false,STATION,Kouvola Oikoraide,OIK,1133,FI,26.75956150939643,60.86855063761723
false,STATION,Kouvola tavara,KVT,1134,FI,26.7530572855772,60.87150163644022
false,STATION,Kovjoki,KOI,745,FI,22.69198932987034,63.52260800357343
false,STATION,Kruunupyy,KPY,311,FI,23.03369821640903,63.72306464679776
false,STATION,Kuivasjärvi,KIS,1137,FI,23.03605147926125,62.17530111188939
false,STATION,Kullasvaara,KUV,1320,FI,26.81118666088797,60.872574391658
true,STATION,Kuopio asema,KUO,408,FI,27.68123923073535,62.89831408501909
false,STATION,Kuopio tavara,KUOT,1139,FI,27.69896006224612,62.89888263355703
true,STATION,Kupittaa,KUT,126,FI,22.29653675868514,60.45036152483885
false,STATION,Kurkimäki,KRM,406,FI,27.51924593762334,62.77293048909505
false,STATION,Kuurila,KU,626,FI,23.99481945841525,61.13418338244374
false,STATION,Kuusankoski,KUK,537,FI,26.65739187305143,60.92132714225485
true,STOPPING_POINT,Kylänlahti,KYN,937,FI,29.75427666404452,63.36264224942422
true,STATION,Kymi,KY,534,FI,26.90821508725113,60.53927506908051
true,STOPPING_POINT,Kyminlinna,KLN,981,FI,26.89677619389412,60.50848822892929
false,STATION,Kyrö,KÖ,139,FI,22.74842452285232,60.70297189775447
false,STATION,Kytömaa,KYT,1111,FI,25.11046187442047,60.42583446765182
false,STATION,Kälviä,KLV,316,FI,23.45190233477736,63.85979347241314
true,STATION,Käpylä,KÄP,977,FI,24.96013552873094,60.22306436922998
false,STATION,Köykkäri,KÖK,1144,FI,22.77186204438211,63.34511142469067
false,STATION,Laajavuori,LAV,1341,FI,24.84874915844115,60.28417948199126
false,STATION,Lahdenperä,LPR,1149,FI,24.94519861958613,61.81247070453577
false,STATION,Lahnaslampi,LHN,871,FI,28.0739967446234,64.12224125428143
true,STATION,Lahti,LH,100,FI,25.6579920568628,60.9768171778042
true,STATION,Laihia,LAI,293,FI,22.00263097949812,62.99130537931087
false,STATION,Lakiala,LAK,212,FI,23.52682033536459,61.62648934140056
false,STATION,Lamminkoski,LMK,1151,FI,23.0608987473672,62.10853495570308
false,STATION,Lamminniemi,LAM,845,FI,27.67804934984065,64.23547983978702
false,STATION,Lapinjärvi,LPJ,108,FI,26.12876407579433,60.59928245968143
true,STATION,Lapinlahti,LNA,416,FI,27.39516906372754,63.36195362113283
false,TURNOUT_IN_THE_OPEN_LINE,Lapinneva,LPN,683,FI,22.9348308238147,61.9813168259567
true,STATION,Lappeenranta,LR,495,FI,28.19651329263493,61.04812377957047
true,STOPPING_POINT,Lappila,LAA,94,FI,25.17476584002261,60.84924882865499
true,STATION,Lappohja,LPO,75,FI,23.23648281334294,59.90397958993631
true,STATION,Lapua,LPA,298,FI,23.01475611687224,62.97249654548296
false,STATION,Larvakytö,LYÖ,1153,FI,22.93551221040336,62.68126741726839
false,STATION,Laukaa,LAU,249,FI,25.92523974747402,62.4236219743963
false,STATION,Laurila,LLA,360,FI,24.5346145486047,65.7990594086435
false,STATION,Lauritsala,LRS,498,FI,28.26144213577885,61.0667568436373
false,STATION,Lautiosaari,LI,829,FI,24.56557587877036,65.78136741800272
true,STOPPING_POINT,Leinelä,LNÄ,1333,FI,25.01390623625812,60.3190856770206
false,STATION,Lelkola,LKL,993,FI,26.96781166304919,61.52729870524506
true,STATION,Lempäälä,LPÄ,156,FI,23.75503722582382,61.31477998607919
true,STOPPING_POINT,Lentoasema,LEN,1332,FI,24.98501470519679,60.31775263809283
false,STATION,Leppäkoski,LK,43,FI,24.69613419345947,60.87324323516955
true,STATION,Leppävaara,LPV,68,FI,24.81382750533627,60.21952094291206
false,STATION,Leteensuo,LTS,1154,FI,24.23288585109083,61.06582643905312
true,STATION,Lieksa,LIS,468,FI,30.0191788457779,63.31942095575441
false,TURNOUT_IN_THE_OPEN_LINE,Lieksan teollisuuskylä,LTK,1157,FI,30.0674558273241,63.31539857468368
false,STATION,Lielahti,LLH,183,FI,23.68163979480699,61.51084845476586
true,STATION,Lievestuore,LVT,246,FI,26.19717852280544,62.26076777417768
false,STATION,Liminka,LKA,338,FI,25.42466568025898,64.8120693752893
false,TURNOUT_IN_THE_OPEN_LINE,Lohiluoma,LUO,1159,FI,22.28035183407641,62.53460870299577
false,STATION,Lohja,LO,81,FI,24.11643255639881,60.26550450208837
true,STATION,Loimaa,LM,142,FI,23.06007378942987,60.84770034022728
true,STOPPING_POINT,Louhela,LOH,661,FI,24.85367399454637,60.27086687498113
false,STATION,Loukolampi,LOL,861,FI,27.20494714769981,62.16347922976292
false,STATION,Loviisan satama,LVS,106,FI,26.24857158640598,60.41837375805867
false,STATION,Luikonlahti,LUI,411,FI,28.67735065996488,62.92874192722125
true,STOPPING_POINT,Luoma,LMA,71,FI,24.55113139963558,60.17313146868081
true,STOPPING_POINT,Lusto,LUS,690,FI,29.32459332499846,61.80117300519136
false,STATION,Luumäki,LÄ,487,FI,27.76339585004961,60.94471189234196
false,STATION,Länkipohja,LÄP,203,FI,24.81349352865497,61.74148493947314
false,STATION,Maanselkä,MLK,382,FI,28.50150806319556,63.88367930603354
false,STATION,Maaria,MRI,1166,FI,22.36528001382712,60.53874556237932
false,STATION,Madesjärvi,MD,217,FI,22.98707080734091,62.31259478479377
false,STATION,Majajärvi,MJJ,1168,FI,23.46930982344049,61.68357095273473
true,STATION,Malmi,ML,17,FI,25.01228365397716,60.2519238069687
true,STOPPING_POINT,Malminkartano,MLO,659,FI,24.86165879503595,60.24937584221512
false,STATION,Mankala,MKA,1336,FI,26.17044795599938,60.90508476147516
true,STATION,Mankki,MNK,706,FI,24.58336011307829,60.18529344448437
false,STATION,Markkala,MRK,896,FI,27.191928921129,62.54099881294595
true,STOPPING_POINT,Martinlaakso,MRL,662,FI,24.85297969933104,60.27814910798213
true,STOPPING_POINT,Masala,MAS,64,FI,24.53935635728351,60.15868387050028
false,STATION,Matkaneva,MTV,1171,FI,23.33770924799934,63.84268413846684
false,STATION,Mattila,MAT,1172,FI,23.75905778970709,61.26138677944003
false,TURNOUT_IN_THE_OPEN_LINE,Meltola,MEL,584,FI,23.77311963230788,60.1045456364269
false,TURNOUT_IN_THE_OPEN_LINE,Metsäkansa,MSÄ,558,FI,23.90767916914053,61.20833628843641
true,STATION,Mikkeli,MI,546,FI,27.2794111703306,61.68842580448914
true,STATION,Misi,MIS,366,FI,26.68871476526339,66.62052783823319
true,STOPPING_POINT,Mommila,MLA,93,FI,25.07562075276939,60.82146247609396
true,STATION,Moskova_(Leningradski),MVA,6007,RU,33.21093910575679,59.63544231418012
true,STATION,Muhos,MH,375,FI,25.99304285725017,64.8072809438331
false,STATION,Mukkula,MUK,594,FI,25.6585316967802,61.00610378845409
false,STATION,Murtomäki,MUR,386,FI,27.58133544723526,64.06598944304325
false,TURNOUT_IN_THE_OPEN_LINE,Mustio,MSO,78,FI,23.86824142044064,60.1403766868212
false,STATION,Mustolan satama,MST,77,FI,28.3381045441189,61.05624991064256
false,STATION,Muukko,MKO,1180,FI,28.3434164727626,61.08851303668337
false,STATION,Muurame,MUU,433,FI,25.651432000403,62.11124413455745
true,STATION,Muurola,MUL,363,FI,25.37590919112398,66.37338741576764
false,STATION,Myllykangas,MYS,1183,FI,25.27330887920169,65.5379276076217
true,STOPPING_POINT,Myllykoski,MKI,536,FI,26.78878740841026,60.7702796349898
true,STOPPING_POINT,Myllymäki,MY,263,FI,24.28114871286478,62.52572704685967
false,STATION,Myllyoja,MYL,606,FI,25.99056018217938,61.16410976800866
false,STATION,Mynttilä,MYT,543,FI,26.92518933002756,61.48780910334277
false,STATION,Mynämäki,MYN,123,FI,21.96332498481038,60.65063896226259
true,STATION,Myyrmäki,MYR,660,FI,24.85512645024951,60.26138729030786
true,STOPPING_POINT,Mäkkylä,MÄK,693,FI,24.84335285943196,60.22135166760783
true,STATION,Mäntsälä,MLÄ,27,FI,25.30804882689838,60.64747215170215
false,STATION,Mänttä,MÄN,198,FI,24.64722941809923,62.02979598624717
true,STATION,Mäntyharju,MR,544,FI,26.88301862272029,61.42161667696219
false,STATION,Mäntyluoto,MN,223,FI,21.52698594477221,61.59611685869375
false,STATION,Naantali,NNL,124,FI,22.03286990105007,60.46627942259062
false,STATION,Naarajärvi,NRI,895,FI,27.04679210978041,62.28399494703678
false,STATION,Nakkila,NAL,672,FI,21.96877874683678,61.38755327504111
true,STOPPING_POINT,Nastola,NSL,595,FI,25.93630501706583,60.93588775548591
false,STATION,Niemenpää,NMP,1185,FI,23.92114137041001,66.16799309400896
false,TURNOUT_IN_THE_OPEN_LINE,Niinimaa,NII,285,FI,23.42045465402991,62.64327467094802
false,STATION,Niinimäki,NMÄ,1324,FI,26.39036665297726,60.87663180347209
false,STATION,Niinisalo,NNS,227,FI,22.48131930955572,61.84536930103178
false,STATION,Niirala,NRL,446,FI,30.60318246456116,62.17576333509505
false,STATION,Niirala-raja,NRLR,445,FI,30.63520740593547,62.17109765760528
false,STATION,Niittylahti,NTH,917,FI,29.84852271475043,62.51310930806942
true,STOPPING_POINT,Nikkilä,NLÄ,22,FI,25.26709690184649,60.38247623486703
true,STATION,Nivala,NVL,328,FI,24.96130874730654,63.93793188822584
true,STATION,Nokia,NOA,181,FI,23.49901257011566,61.4816208988202
false,STATION,Nummela,NM,84,FI,24.31711023318116,60.32888068549408
true,STOPPING_POINT,Nuppulinna,NUP,565,FI,25.01923386124053,60.52953733166319
true,STATION,Nurmes,NRM,472,FI,29.13964809524903,63.54240718848218
false,TURNOUT_IN_THE_OPEN_LINE,Närpiö,NÄR,268,FI,21.36288428629279,62.46912319047021
false,TURNOUT_IN_THE_OPEN_LINE,Ohenmäki,OHM,1190,FI,27.26816328318058,63.49633214078571
true,STATION,Oitti,OI,92,FI,25.02177663623284,60.79008217345248
false,TURNOUT_IN_THE_OPEN_LINE,Olli,OLLI,570,FI,25.37482106248185,60.38291012878976
false,TURNOUT_IN_THE_OPEN_LINE,Onttola,ONT,443,FI,29.70296572373675,62.63649982419007
false,TURNOUT_IN_THE_OPEN_LINE,Orimattila,OM,109,FI,25.74949971613381,60.81476991705373
true,STATION,Orivesi,OV,190,FI,24.3682585563462,61.65071908173213
true,STOPPING_POINT,Orivesi keskusta,OVK,1316,FI,24.37004886395428,61.67453843984684
false,STATION,Otanmäki,OTM,385,FI,27.09387552935176,64.11362339183061
false,STATION,Otava,OT,545,FI,27.07293578414057,61.6414182726821
true,STATION,Oulainen,OU,322,FI,24.82147000231099,64.27115016072229
true,STATION,Oulu asema,OL,370,FI,25.48694443620122,65.01436484398653
false,STATION,Oulu Nokela,NOK,1195,FI,25.48033920948532,64.99131330827448
false,STATION,Oulu Oritkari,ORI,1196,FI,25.47452900434554,65.00135974162235
false,STATION,Oulu tavara,OLT,1197,FI,25.47426780345459,65.00296356963776
false,STATION,Oulu Tuira,TUA,339,FI,25.47576337348152,65.03068409219094
true,STATION,Oulunkylä,OLK,15,FI,24.96850881268564,60.22926457931425
true,STATION,Paimenportti,PTI,768,FI,26.91814366085923,60.47606337343475
false,STATION,Paimio,PO,128,FI,22.68556775580264,60.4596049590825
false,STATION,Palopuro,PLP,562,FI,24.90661979797415,60.60167449013571
true,STATION,Paltamo,PTO,379,FI,27.82405642228581,64.40231394217331
false,STATION,Pankakoski,PAS,935,FI,30.12832140263593,63.3227614345935
true,STATION,Parikkala,PAR,510,FI,29.50526085780964,61.55907216661326
true,STATION,Parkano,PKO,215,FI,23.07806350568255,62.05294521875695
true,STATION,Parola,PRL,49,FI,24.36653106357095,61.05040794545371
true,STATION,Pasila asema,PSL,10,FI,24.93378787904055,60.19903408296963
true,STATION,Pasila autojuna-asema,PAU,1328,FI,24.9358411564204,60.20741926594994
false,STATION,Pasila tavara,PSLT,1034,FI,24.93621447499272,60.21239208127861
false,STATION,Patokangas,PTG,1346,FI,27.53591316092887,66.71409185204243
false,STATION,Pelkola,PA,1055,FI,28.81579196929271,61.13461814970317
true,STATION,Pello,PEL,356,FI,23.99350002261649,66.78734735541121
false,TURNOUT_IN_THE_OPEN_LINE,Peltosalmi,PMI,882,FI,27.24772062622946,63.52219809646767
false,STATION,Peräseinäjoki,PSJ,687,FI,22.94160075527913,62.550531048239
false,STATION,Pesiökylä,PSK,393,FI,28.57183685613167,64.92801996728949
false,STATION,Petroskoi / Petrozavodsk,PTK,1000,RU,32.17680813127959,62.11698000010055
true,STATION,Petäjävesi,PVI,237,FI,25.18992095413212,62.2578349737561
true,STATION,Pieksämäki asema,PM,400,FI,27.16896184523164,62.30211285231618
false,STATION,Pieksämäki lajittelu,PMLA,1210,FI,27.17368509461031,62.32531049317705
false,STATION,Pieksämäki tavara,PMT,1211,FI,27.17761224073023,62.33674117798063
false,STATION,Pieksämäki Temu,TMU,1212,FI,27.17128578790158,62.31403040301272
true,STATION,Pietari_(Finljandski),PTR,3820,RU,30.52821860907999,59.46557702681318
false,STATION,Pietarsaari,PTS,306,FI,22.71418750756535,63.67576757979602
true,STATION,Pihlajavesi,PH,261,FI,24.39584002667575,62.34712750649998
false,STATION,Pihtipudas,PP,258,FI,25.55705283545675,63.37311568085998
false,STATION,Piikkiö,PIK,127,FI,22.51531305813403,60.42324812191257
false,STATION,Pikkarala,PKL,819,FI,25.75500836228718,64.91462231132688
true,STOPPING_POINT,Pitäjänmäki,PJM,69,FI,24.8601708909316,60.22343845677647
false,STATION,Pohjankuru,PKU,59,FI,23.55176723177291,60.09818524633457
true,STOPPING_POINT,Pohjois-Haaga,POH,657,FI,24.88364622155584,60.23012948278079
false,STATION,Pohjois-Louko,PLU,1214,FI,22.94079688126658,62.64773072618168
false,STATION,Poikkeus,PKK,1216,FI,23.13751800029301,61.98998965906128
false,TURNOUT_IN_THE_OPEN_LINE,Poiksilta,POI,965,FI,29.74439702791639,61.791248273878
true,STATION,Pori,PRI,220,FI,21.78572321913222,61.47777209750049
false,TURNOUT_IN_THE_OPEN_LINE,Porokylä,POR,473,FI,29.10206628967256,63.55704092800343
true,STATION,Porvoo,PRV,23,FI,25.64916540672484,60.39670795733601
false,STATION,Puhos,PUS,919,FI,29.97872065332543,62.08931899742871
true,STOPPING_POINT,Puistola,PLA,553,FI,25.03725885963996,60.27666250460228
true,STOPPING_POINT,Pukinmäki,PMK,551,FI,24.99410384078672,60.24247098204923
false,STATION,Pulsa,PL,1217,FI,27.97440374030262,60.92760250708037
true,STATION,Punkaharju,PUN,517,FI,29.3846945322684,61.76175674492351
true,STATION,Purola,PUR,564,FI,25.0507473456716,60.50041698448968
false,STATION,Pyhäkumpu,PYK,757,FI,26.04351799019534,63.66294273956703
false,STATION,Pyhäkumpu erkanemisvaihde,PYE,1218,FI,26.03119187675353,63.67898873765653
true,STATION,Pyhäsalmi,PHÄ,331,FI,25.98361502891564,63.68436897410799
true,STATION,Pännäinen,PNÄ,305,FI,22.78989134643909,63.59679710335286
true,STATION,Pääskylahti,PKY,519,FI,28.92668569826586,61.86294308202961
false,TURNOUT_IN_THE_OPEN_LINE,R530,R530,99994,FI,25.02204560035829,64.60555052404949
false,STATION,Raahe,RHE,335,FI,24.49096479953922,64.68520983077
false,TURNOUT_IN_THE_OPEN_LINE,Raide934,R934,99998,FI,28.10061446207352,64.36296084071225
false,STATION,Raippo,RPO,490,FI,28.1078130639296,60.91237558484782
false,STATION,Raisio,RAI,125,FI,22.12855842619777,60.48592803807709
false,STATION,Rajamäki,RM,88,FI,24.76199869096384,60.53273889925433
false,STATION,Rajaperkiö,RJP,1220,FI,23.01298365073672,63.03743932338116
false,STATION,Rantasalmi,RMI,524,FI,28.2784968890225,62.01507534552261
false,STATION,Rasinsuo,RAS,1222,FI,27.89378914055414,60.97650210051839
false,STATION,Ratikylä,RLÄ,596,FI,23.01084770737152,62.24621619845151
false,STATION,Rauha,RAH,501,FI,28.6896643977258,61.17870881750006
false,TURNOUT_IN_THE_OPEN_LINE,Rauhalahti,RHL,1225,FI,25.80191538100761,62.24080913596418
false,STATION,Rauma,RMA,165,FI,21.49142690725031,61.13277899321351
false,STATION,Raunio,RIO,1227,FI,22.9547719202878,63.17275954183184
false,STATION,Rautaruukki,RAT,750,FI,24.46342490035612,64.68456963658556
false,STATION,Rautjärvi,RJÄ,506,FI,29.08731170049994,61.3012370621968
false,TURNOUT_IN_THE_OPEN_LINE,Rautpohja,RPH,1232,FI,25.69118223310842,62.23339008298343
true,STOPPING_POINT,Rekola,RKL,554,FI,25.06929940698713,60.3331943575153
true,STOPPING_POINT,Retretti,REE,793,FI,29.29659930650906,61.80393421980435
false,STATION,Riihimäki Arolampi,ARP,1235,FI,24.81886129034707,60.69747214272212
true,STATION,Riihimäki asema,RI,40,FI,24.78158719581889,60.73637998354012
false,STATION,Riihimäki lajittelu,RILA,1238,FI,24.79037804239735,60.7323216908255
false,STATION,Riihimäki tavara,RIT,1240,FI,24.80078188992646,60.72261286480028
false,STATION,Riijärvi,RJR,1327,FI,22.67567279647533,63.46817540553229
false,STATION,Riippa,RPA,747,FI,23.64912691675746,63.86983747572984
false,STATION,Ristiina,RST,770,FI,27.26576879655899,61.46212893577299
false,STATION,Ristijärvi,RJV,391,FI,28.18791282153155,64.49008857086702
true,STATION,Rovaniemi,ROI,364,FI,25.70629712204563,66.50023988189707
false,STATION,Ruha,RHA,742,FI,22.99665787166855,62.90446465992294
true,STOPPING_POINT,Runni,RNN,886,FI,26.88789244105419,63.60344462959058
false,STATION,Ruokosuo,RSU,1342,FI,27.74011313505698,63.09744022547317
true,STATION,Ruukki,RKI,337,FI,25.09880610628957,64.66219434581333
false,STATION,Ruusumäki,RSM,1338,FI,24.90027907847368,60.31194995056232
true,STATION,Ryttylä,RY,42,FI,24.75848958957459,60.81843977948854
false,STATION,Röyttä,RÖY,833,FI,24.16308276395117,65.76806984599402
false,STATION,Saakoski,SAA,668,FI,25.41124412634131,61.99111258707845
false,STATION,Saari,SR,964,FI,29.66331643914387,61.69563052502078
false,STATION,Saarijärvi,SRJ,254,FI,25.28373856953833,62.70111613431559
false,STATION,Salminen,SLN,405,FI,27.28763450285262,62.67724970851093
true,STATION,Salo,SLO,55,FI,23.12138075531426,60.38473030320888
false,STATION,Sammalisto,SAM,1246,FI,24.78410404802121,60.7639955824547
true,STOPPING_POINT,Santala,STA,827,FI,23.12100155087275,59.87497990500802
true,STATION,Saunakallio,SAU,806,FI,25.06605174042367,60.48743730788218
false,STATION,Saunamäki,SMÄ,1325,FI,26.51955589062447,60.85919864915495
true,STOPPING_POINT,Savio,SAV,555,FI,25.09833328500912,60.38153702331244
true,STATION,Savonlinna asema,SL,521,FI,28.88837359796212,61.86971522120385
true,STATION,Seinäjoki asema,SK,280,FI,22.84376809322631,62.79310869015571
false,STATION,Seinäjoki tavara,SKT,1252,FI,22.87058521799952,62.78388570764475
false,STATION,Selänpää,SPÄ,539,FI,26.71532339977419,61.00813578885471
false,STATION,Sieppijärvi,SPJ,796,FI,23.86743174627524,67.16234337967936
false,STATION,Sievi,SVI,319,FI,24.28180074657591,63.98112517612878
false,STATION,Siikamäki,SKÄ,429,FI,27.40922568783743,62.29002477146366
true,STATION,Siilinjärvi Asema,SIJ,413,FI,27.66827074395875,63.07612110538619
false,STATION,Simo,SIM,346,FI,25.06143343746777,65.66536983252404
true,STATION,Simpele,SPL,507,FI,29.37400001087265,61.42525891531353
false,STATION,Sipilä,SIP,1254,FI,25.42097557516398,60.71136251994604
false,STATION,Sisättö,STÖ,1257,FI,23.31078376614865,61.8387759380366
true,STATION,Siuntio,STI,576,FI,24.22188538150318,60.14067055700216
false,STATION,Siuro,SIU,179,FI,23.33887517805893,61.47501037227023
true,STOPPING_POINT,Skogby,SGY,817,FI,23.31038437172605,59.92594529907125
false,STATION,Sköldvik,SLD,560,FI,25.48247606384017,60.30603356987969
false,TURNOUT_IN_THE_OPEN_LINE,Soinlahti,SOA,422,FI,27.20610254178085,63.63555912392345
false,TURNOUT_IN_THE_OPEN_LINE,Sorsasalo,SOR,870,FI,27.68483176403098,62.95447593998074
true,STATION,Sukeva,SKV,424,FI,27.42396284761255,63.86610301830461
false,STATION,Suolahti,SUO,251,FI,25.85242171919136,62.56233722686014
true,STATION,Suonenjoki,SNJ,404,FI,27.1259413246859,62.62471063765651
false,STATION,Suoniemi,SNM,638,FI,23.20971261973912,61.46580445603526
false,TURNOUT_IN_THE_OPEN_LINE,Syrjä,SYR,435,FI,28.36833861875567,62.3570037139357
false,STATION,Syrjämäki,SKI,1265,FI,22.91187064136937,62.75750668073394
false,STATION,Sysmäjärvi,SMJ,912,FI,29.06309618409201,62.71789646308427
false,STATION,Säkäniemi,SÄ,918,FI,30.12623978855992,62.3105761795678
false,TURNOUT_IN_THE_OPEN_LINE,Sänkimäki,SKM,872,FI,27.8685569302427,63.15248681137061
false,STATION,Sääksjärvi,SJ,157,FI,23.75216599514724,61.41916455966719
false,STATION,Taavetti,TA,486,FI,27.56110144841827,60.91336657435953
false,STATION,Tahkoluoto,TKO,702,FI,21.40736686146288,61.63601210394687
false,STATION,Taipale,TE,1268,FI,27.31336536656385,63.46079909156709
false,STATION,Talviainen,TV,1270,FI,24.65919739415511,61.72539407868312
false,STATION,Talvivaara,TLV,1323,FI,28.03212065058988,64.06348968357814
true,STOPPING_POINT,Tammisaari,TMS,76,FI,23.4432376706813,59.97950063889355
true,STATION,Tampere asema,TPE,160,FI,23.77342162788567,61.49890946135123
false,STATION,Tampere Järvensivu,JVS,1272,FI,23.78514979573341,61.49202563104789
false,STATION,Tampere tavara,TPET,1273,FI,23.76731400642552,61.47064152122638
false,STATION,Tampere Viinikka,VKA,1274,FI,23.77356463940541,61.48102368922519
true,STOPPING_POINT,Tapanila,TNA,552,FI,25.03071948396235,60.26420702479582
false,STATION,Tapavainola,TAP,1276,FI,28.09113031713108,61.01768067130167
true,STOPPING_POINT,Tavastila,TSL,837,FI,26.95548275926885,60.57305836834934
true,STOPPING_POINT,Tervajoki,TK,294,FI,22.17073414643984,63.00194473959462
true,STATION,Tervola,TRV,361,FI,24.77278855752522,66.08421470784803
false,STATION,Teuva,TUV,271,FI,21.74135924260782,62.47591995153594
false,STATION,Tikkala,TKK,916,FI,30.08634923196111,62.36581871646109
false,STATION,Tikkaperä,TKP,1335,FI,25.30724887380968,64.77091739547652
true,STATION,Tikkurila asema,TKL,18,FI,25.04464998575209,60.29250718664419
false,STATION,Tohmajärvi,TOH,448,FI,30.35897021331988,62.24426042115103
true,STATION,Toijala,TL,150,FI,23.86082704516266,61.17102211681818
false,STATION,Toivala,TOI,412,FI,27.72531400478763,62.99715997964513
true,STOPPING_POINT,Tolsa,TOL,830,FI,24.47048980550291,60.11764350940003
false,STATION,Tommola,TOM,1280,FI,25.49284350853327,60.90702440828843
false,STATION,Torkkeli,TRK,1283,FI,24.54921398150844,61.70123328684619
false,STATION,Tornio asema,TOR,351,FI,24.16392752890289,65.84821531578108
true,STOPPING_POINT,Tornio-Itäinen,TRI,1318,FI,24.18528739655337,65.85313472639608
false,STATION,Tornio-raja,TRR,678,FI,24.15189708240911,65.83017741838897
true,STOPPING_POINT,Tuomarila,TRL,579,FI,24.6820709065078,60.20609109391904
false,STATION,Tuomioja,TJA,336,FI,25.02849047172136,64.6100891277252
true,STATION,Turenki,TU,44,FI,24.6388783623007,60.91879508501042
true,STATION,Turku asema,TKU,130,FI,22.25242602684097,60.45429919932164
true,STATION,Turku satama,TUS,135,FI,22.22607237177706,60.43438623011733
false,STATION,Turku tavara,TKUT,1285,FI,22.23872445858304,60.45186668260144
false,STATION,Tuupovaara,TPV,458,FI,30.56186391246152,62.5239894664897
true,STOPPING_POINT,Tuuri,TUU,283,FI,23.72227006077193,62.60636331264683
false,STATION,Törmä,TÖR,1287,FI,24.6261656993452,65.89698227762031
false,STATION,Törölä,TRÄ,1290,FI,27.99222214876633,61.00814569166
true,STATION,Uimaharju,UIM,465,FI,30.24433156563778,62.91353091476375
false,STATION,Urjala,UR,148,FI,23.62619765650151,61.06394772772573
true,STATION,Utajärvi,UTJ,376,FI,26.41480642912964,64.76078870243248
false,TURNOUT_IN_THE_OPEN_LINE,Utti,UTI,484,FI,26.93454061182165,60.87796109255598
false,STATION,Uusikaupunki,UKP,121,FI,21.42465988019371,60.79764512596154
true,STATION,Uusikylä,UKÄ,105,FI,26.01781345702357,60.92812061231976
false,STATION,Vaajakoski,VKO,245,FI,25.88044402345288,62.24852088788158
true,STATION,Vaala,VAA,377,FI,26.84413088408356,64.5597927625822
false,TURNOUT_IN_THE_OPEN_LINE,Vaarala,VRA,807,FI,25.88117634764135,66.52067163421967
true,STATION,Vaasa,VS,288,FI,21.62071823452441,63.09904011398429
false,STATION,Vahojärvi,VJR,214,FI,23.23194489492205,61.91371213028743
true,STATION,Vainikkala asema,VNA,492,FI,28.30501572053918,60.86409576400993
false,STATION,Vainikkala tavara,VNAT,1292,FI,28.28747693926245,60.8684311939007
false,STATION,Vainikkala-raja,VNAR,493,FI,28.33900609422173,60.85573406804269
true,STOPPING_POINT,Valimo,VMO,847,FI,24.87621205562947,60.22221422882959
false,STATION,Valkeakoski,VI,153,FI,24.01712254511414,61.2743990004557
false,TURNOUT_IN_THE_OPEN_LINE,Valkeasuo,VSO,450,FI,30.16670691351066,62.30565266524748
false,STATION,Valtimo,VLM,475,FI,28.80313500625143,63.6878045922258
true,STATION,Vammala,VMA,176,FI,22.88724125154228,61.35002719418062
false,STATION,Vanattara,VTR,1295,FI,23.7594566596558,61.37130373997569
true,STOPPING_POINT,Vantaankoski,VKS,839,FI,24.84864598174621,60.28574967686441
true,STATION,Varkaus,VAR,432,FI,27.87544267561316,62.31313946601869
false,STATION,Vartius,VUS,941,FI,29.95098813432552,64.54188298664072
false,STATION,Vartius-raja,VUR,949,FI,29.99264294462017,64.54762577003268
false,STATION,Vasikkahaka,VKH,1300,FI,24.52503519703851,60.14612789173832
false,STATION,Vaskiluoto,VSK,291,FI,21.56328781970748,63.09029192835937
true,STOPPING_POINT,Vehkala,VEH,1337,FI,24.85052192755186,60.29768130657377
false,STATION,Venetmäki,VKI,428,FI,26.75418597489686,62.31009476031169
false,STATION,Vesanka,VN,239,FI,25.55787999329673,62.27022461850358
false,TURNOUT_IN_THE_OPEN_LINE,Viekki,VK,471,FI,29.6143611912683,63.42282092237496
false,TURNOUT_IN_THE_OPEN_LINE,Vierumäki,VRM,112,FI,25.9337262801086,61.1022876748852
true,STATION,Vihanti,VTI,334,FI,24.9942019027633,64.48627697621512
true,STATION,Vihtari,VIH,438,FI,29.03152579684432,62.38160435649752
false,STATION,Vihtavuori,VRI,248,FI,25.85997539536276,62.36174520116028
true,STATION,Viiala,VIA,155,FI,23.77068020397621,61.21217337858867
true,STATION,Viinijärvi,VNJ,440,FI,29.23954178478973,62.64265457077422
true,STATION,Viipuri,VYB,2000,RU,29.90065270075362,60.37953423726992
true,STATION,Villähde,VLH,104,FI,25.79773065916621,60.96243145684648
true,STATION,Vilppula,VLP,196,FI,24.50723690917114,62.02666514358846
false,STATION,Vinnilä,VIN,1305,FI,24.11114315090597,61.10033450673595
false,STATION,Virkamies,VMS,1339,FI,24.96539399538889,60.31296285876897
false,STATION,Voltti,VT,302,FI,22.82395893150345,63.28745462699337
false,STATION,Vuohijärvi,VHJ,541,FI,26.79713376506417,61.09614099074221
false,STATION,Vuojoki,VJO,1310,FI,21.70902432944396,61.17982045876679
false,STATION,Vuokatti,VKT,383,FI,28.2759805051262,64.14910868276716
true,STATION,Vuonislahti,VSL,467,FI,29.99607070925604,63.15379034192068
false,STATION,Vuonos,VNS,863,FI,29.09027574322309,62.76257838815163
false,STATION,Vuosaari,VSA,1321,FI,25.16635924463261,60.22860797959659
false,STATION,Värtsilä,VRS,2410,RU,30.66078719871479,62.16994708041064
false,STATION,Ykspihlaja tavara,YKST,315,FI,23.08309873169194,63.8385538837766
false,STATION,Ykspihlaja väliratapiha,YKSV,1326,FI,23.05824682372532,63.85044161723246
true,STOPPING_POINT,Ylistaro,YST,296,FI,22.53216050488861,62.91894245797563
true,STOPPING_POINT,Ylitornio,YTR,789,FI,23.68315401397518,66.32783810535815
false,STATION,Ylivalli,YLV,654,FI,22.9584542452538,62.40298359823538
true,STATION,Ylivieska,YV,320,FI,24.54094332168063,64.07350203460501
false,STATION,Yläkoski,YLK,867,FI,27.08742531644695,62.64501620540407
false,STATION,Ylämylly,YLY,913,FI,29.5670348079158,62.62150822401404
false,STATION,Ylöjärvi,YLÖ,211,FI,23.58577887391812,61.55718449530862
false,STATION,Ypykkävaara,YPY,940,FI,29.47759606175295,64.4816380273943
false,STATION,Äetsä,ÄS,174,FI,22.70597628899695,61.29716450118373
true,STATION,Ähtäri,ÄHT,265,FI,24.06413310484153,62.55425499627312
false,STATION,Ämmänsaari,ÄM,394,FI,28.89290073341003,64.88890451501844
false,STATION,Äänekoski,ÄKI,252,FI,25.74846391834134,62.59785668695424
